texto_original,jugador_canonico,observacion
Kiyoko Uehara,Kiyoko Uehara,
Kiyoko Uyehara,Kiyoko Uehara,
Kyoko Uehara,Kiyoko Uehara,
Shigeru Ige,Shigeru Igue,
Shigeru Igue,Shigeru Igue,
Shigueru Ige,Shigeru Igue,
Tere Oshiro,Teresa Oshiro,
Teresa Oshiro,Teresa Oshiro,
Meche Tsukahoshi,Mercedes Tsukahoshi,
Mercedes Tsukahoshi,Mercedes Tsukahoshi,
Akemi Tsukeran,Akemi Yamashiro,
Tsukeran Akemi,Akemi Yamashiro,
Yamashiro Akemi,Akemi Yamashiro,
Akemi Yamashiro,Akemi Yamashiro,
Masa Sakugawa,Masa Sakugawa,
Sakugawa Masa,Masa Sakugawa,
Santiago Sakugawa,Masa Sakugawa,
Sakugawa Santiago,Masa Sakugawa,
Chieko Kiyan,Chieko Kiyan,
Kiyan Chieko,Chieko Kiyan,
Chiyoko Kiyan,Chieko Kiyan,
Kiyan Chiyoko,Chieko Kiyan,
Christian Gonzales,Christian Gonzales,
Gonzales Christian,Christian Gonzales,
Christian Komiya,Christian Gonzales,
Gabo Kanashiro,Gabo Kanashiro,
Kanashiro Gabo,Gabo Kanashiro,
Gabriel Kanashiro,Gabo Kanashiro,
Kanashiro Gabriel,Gabo Kanashiro,
Helena Sampei,Helena Sampei,
Sampei Helena,Helena Sampei,
Elena Sampei,Helena Sampei,
Sampei Elena,Helena Sampei,
Jorge Nakandakari,Jorge Nakandakari,
Nakandakari Jorge,Jorge Nakandakari,
Jorge Nakandakare,Jorge Nakandakari,
Nakandakare Jorge,Jorge Nakandakari,
Tsukazan Yurie,Tsukazan Yurie,
Yurie Tsukazan,Tsukazan Yurie,
Tsukazan Yuri,Tsukazan Yurie,
Yuri Tsukazan,Tsukazan Yurie,
Lucho Sakugawa,Luis Sakugawa,Lucho es apodo de Luis
Luis Sakugawa,Luis Sakugawa,
Sakugawa Luis,Luis Sakugawa,
Lucho Terashima,Luis Terashima,Lucho es apodo de Luis
Luis Terashima,Luis Terashima,
Terashima Luis,Luis Terashima,
Luisa Terashima,Luisa Terashima,
Luisa de Terashima,Luisa Terashima,
Lucho Makabe,Luis Makabe,Lucho es apodo de Luis
Luis Makabe,Luis Makabe,
Juana Guima,Juana Guima,
Shichan Guima,Juana Guima,Misma persona según el usuario (Shichan sería otro nombre de Juana)
